<?xml version="1.0" encoding="UTF-8" ?>
<!--
Copyright (C) 2019 - Today: GRAP (http://www.grap.coop)
@author: Sylvain LE GAL (https://twitter.com/legalsylvain)
License AGPL-3.0 or later (http://www.gnu.org/licenses/agpl.html).
-->
<odoo>
    <record id="company_test" model="res.company">
        <field name="name">My Test Company</field>
        <field name="code">C2</field>
        <field
            name="user_ids"
            eval="[
            (4, ref('base.user_admin')),
            (4, ref('base.user_demo')),
        ]"
        />
    </record>
    <record id="base.main_company" model="res.company">
        <field name="code">C1</field>
    </record>
</odoo>
