<?xml version="1.0" encoding="UTF-8"?>
<templates xml:space="preserve">
  <t t-name="member_tree_chart.org_chart_template">
    <h4 class="o_org_chart_title mb16 mt0" align="center">Organization Chart</h4>
    <div id="chart-container"></div>
    <script type="text/javascript">
      $(function() {
        <!-- Get Employee Data -->
        var datascource = employee_data.values;

        var oc = $('#chart-container').orgchart({
          'data' : datascource,
          'nodeTemplate': nodeTemplate,
          'toggleSiblingsResp': true
        });

      });
    </script>
  </t>
</templates>
