id,name,model_id/id,group_id/id,perm_read,perm_write,perm_create,perm_unlink
access_nm_member_manager,nm.member.manager,model_nm_member,sales_team.group_sale_manager,1,1,1,1
access_nm_member,nm.member,model_nm_member,sales_team.group_sale_salesman,1,1,1,0
access_nm_question_manager,nm.question.manager,model_nm_question,sales_team.group_sale_manager,1,1,1,1
access_nm_question,nm.question,model_nm_question,sales_team.group_sale_salesman,1,1,1,0
access_nm_memberjob_manager,nm.memberjob.manager,model_nm_memberjob,sales_team.group_sale_manager,1,1,1,1
access_nm_memberjob,nm.memberjob,model_nm_memberjob,sales_team.group_sale_salesman,1,1,1,0
